{
  "project_info": {
    "project_number": "499721565115",
    "firebase_url": "https://shippa-d19fd.firebaseio.com",
    "project_id": "shippa-d19fd",
    "storage_bucket": "shippa-d19fd.appspot.com"
  },
  "client": [
    {
      "client_info": {
        "mobilesdk_app_id": "1:499721565115:android:95f26c599e4c5cfff30a9e",
        "android_client_info": {
          "package_name": "com.Shippa.shippa"
        }
      },
      "oauth_client": [
        {
          "client_id": "499721565115-vp36e4ukbbvehakppj2s0d5eem24futv.apps.googleusercontent.com",
          "client_type": 1,
          "android_info": {
            "package_name": "com.Shippa.shippa",
            "certificate_hash": "d1e11d0077551a1099fc9ff04f3c8ae30d288a93"
          }
        },
        {
          "client_id": "499721565115-l9ck5dmorjl419kl0nv2nd5qlmi6fej8.apps.googleusercontent.com",
          "client_type": 3
        }
      ],
      "api_key": [
        {
          "current_key": "AIzaSyDAe9pb6ipW1yvunvEXIOYe_DyfuBavJQw"
        }
      ],
      "services": {
        "appinvite_service": {
          "other_platform_oauth_client": [
            {
              "client_id": "499721565115-l9ck5dmorjl419kl0nv2nd5qlmi6fej8.apps.googleusercontent.com",
              "client_type": 3
            }
          ]
        }
      }
    }
  ],
  "configuration_version": "1"
}